"","gene_names","ID","CpG_logFC","Gene_logFC","AveExpr","P.Value"
"1","DDIT4L","4_101109861",0.315985670291069,-2.86757285003339,-1.65225658573274,0.0397956720379501
