"","ONTOLOGY","ID","Description","GeneRatio","BgRatio","pvalue","p.adjust","qvalue","geneID","Count"
"GO:0000502","CC","GO:0000502","proteasome complex","7/375","63/19717",0.000188480216982045,0.000188480216982045,0.0407829586911701,"PSMB1/PSMD14/IDE/PSMA8/PSMD1/PSMD2/PSMB11",7
"GO:1905369","CC","GO:1905369","endopeptidase complex","7/375","64/19717",0.000208216477496054,0.000208216477496054,0.0407829586911701,"PSMB1/PSMD14/IDE/PSMA8/PSMD1/PSMD2/PSMB11",7
"GO:1905368","CC","GO:1905368","peptidase complex","8/375","89/19717",0.000293513717853118,0.000293513717853118,0.0407829586911701,"PSMB1/PSMD14/F3/IDE/PSMA8/PSMD1/PSMD2/PSMB11",8
